subject,model,K,n,acc,sigma2_item,sigma2_template,sigma2_resid,phi,phi_excl_resid,acc_spread
abstract_algebra,codellama_codellama_34b_instruct,100,100,0.284,0.15594631160085703,0.00016045301499846947,0.04880318334863789,0.0007830416072638533,0.0010278415249544703,0.10999999999999999
abstract_algebra,google_flan_t5_xl,100,100,0.217,0.12740861136618709,0.000913661871237629,0.04287623711866136,0.005336856432554517,0.00712005677726073,0.15
abstract_algebra,google_flan_t5_xxl,100,100,0.2387,0.16168809305172943,0.00023152739516375917,0.0214240281603918,0.0012628056489684127,0.0014298909207219647,0.09000000000000002
abstract_algebra,google_flan_ul2,100,100,0.2183,0.14404746454443426,4.9484746454443344e-05,0.0279919293949597,0.0002875534249065491,0.0003434128668091954,0.07999999999999999
abstract_algebra,google_gemma_7b,100,100,0.2855,0.12361193755739208,0.00011496786042240594,0.08150826446280991,0.000560176213897829,0.0009292066267572922,0.13999999999999999
abstract_algebra,google_gemma_7b_it,100,100,0.2653,0.13673033363942452,0.0,0.05978582797673707,0.0,0.0,0.1
abstract_algebra,ibm_mistralai_merlinite_7b,100,100,0.3121,0.14117261503928172,0.0,0.07512132435465768,0.0,0.0,0.10999999999999999
abstract_algebra,meta_llama_llama_3_70b_instruct,100,100,0.527,0.21105393327211508,0.0,0.040364248546066725,0.0,0.0,0.09999999999999998
abstract_algebra,meta_llama_llama_3_8b,100,100,0.2948,0.12940881542699725,0.00016841138659320464,0.07961946740128557,0.0008050384697772575,0.001299698957406157,0.15
abstract_algebra,meta_llama_llama_3_8b_instruct,100,100,0.3178,0.16336604428119578,4.887256402407933e-05,0.055027895112743586,0.000223731619209719,0.0002990703968008593,0.12
abstract_algebra,mistralai_mistral_7b_instruct_v0_2,100,100,0.2718,0.15280242832364047,0.0,0.04670262218141006,0.0,0.0,0.11000000000000001
abstract_algebra,mistralai_mistral_7b_v0_1,100,100,0.2705,0.1320553004795429,0.0,0.06666692174267931,0.0,0.0,0.12000000000000002
abstract_algebra,mistralai_mixtral_8x7b_instruct_v01,100,100,0.3943,0.17941840628507297,0.0003759820426487093,0.0608371492704826,0.0015624803232421978,0.0020911778512429707,0.15999999999999998
abstract_algebra,tiiuae_falcon_180b,100,100,0.3279,0.14086240179573514,0.0,0.08129416386083052,0.0,0.0,0.08999999999999997
abstract_algebra,tiiuae_falcon_40b,100,100,0.2796,0.12355590245893275,0.0,0.07914106723803692,0.0,0.0,0.11999999999999997
anatomy,codellama_codellama_34b_instruct,100,135,0.5177777777777778,0.20951328654147885,0.0,0.04175592296653656,0.0,0.0,0.07407407407407413
anatomy,google_flan_t5_xl,100,135,0.44585185185185183,0.2259512091618228,0.0,0.02284702190506502,0.0,0.0,0.04444444444444445
anatomy,google_flan_t5_xxl,100,135,0.4905925925925926,0.22927115265423723,8.884868586361064e-05,0.022252340988659396,0.000353117359193452,0.0003873765492870902,0.059259259259259234
anatomy,google_flan_ul2,100,135,0.5172592592592593,0.23090968278696303,6.592179394832837e-05,0.020439128711102178,0.0002622033843647557,0.0002854058724857057,0.07407407407407413
anatomy,google_gemma_7b,100,135,0.5902962962962963,0.19106517915473142,0.0,0.0522792100105533,0.0,0.0,0.11111111111111116
anatomy,google_gemma_7b_it,100,135,0.480962962962963,0.22483394475434273,3.39045513174863e-05,0.026437475920062983,0.0001349137798295087,0.00015077545065768935,0.11851851851851847
anatomy,ibm_mistralai_merlinite_7b,100,135,0.6299259259259259,0.17614761210781116,0.0,0.05829793791982847,0.0,0.0,0.11851851851851847
anatomy,meta_llama_llama_3_70b_instruct,100,135,0.7663703703703704,0.15987236656225048,4.395530763690003e-05,0.020316688164117684,0.00024388045024941246,0.00027486442361188975,0.07407407407407407
anatomy,meta_llama_llama_3_8b,100,135,0.6735555555555556,0.17186719600649955,0.000268991741628557,0.0490216928823894,0.0012162882953194612,0.0015626681707518074,0.12592592592592589
anatomy,meta_llama_llama_3_8b_instruct,100,135,0.646,0.18591039192365894,8.959690883405592e-05,0.044065285246048094,0.0003894412539785069,0.0004817038398574566,0.09629629629629632
anatomy,mistralai_mistral_7b_instruct_v0_2,100,135,0.569037037037037,0.2170521355065302,0.0,0.02984228129833437,0.0,0.0,0.059259259259259234
anatomy,mistralai_mistral_7b_v0_1,100,135,0.5864444444444444,0.19552381750060024,2.1497451016521972e-05,0.048434170337984604,8.811171558545055e-05,0.00010993590422680813,0.10370370370370374
anatomy,mistralai_mixtral_8x7b_instruct_v01,100,135,0.6878518518518518,0.1870181527826636,0.0,0.029137734447850536,0.0,0.0,0.05185185185185193
anatomy,tiiuae_falcon_180b,100,135,0.6363703703703704,0.19306062281186662,7.626290545030197e-05,0.03970001842638659,0.00032753787777230377,0.00039486452920196456,0.0888888888888889
anatomy,tiiuae_falcon_40b,100,135,0.550962962962963,0.19927797600102742,0.00010864867581285534,0.049497037818762524,0.0004365440251216767,0.0005449145648006719,0.1111111111111111
astronomy,codellama_codellama_34b_instruct,100,152,0.5458552631578948,0.18853912072977952,0.0005540240325879918,0.06005403019388729,0.0022236817763848504,0.002929900146746363,0.14473684210526316
astronomy,google_flan_t5_xl,100,152,0.4739473684210526,0.22361156000577398,0.0,0.02720928349370315,0.0,0.0,0.06578947368421051
astronomy,google_flan_t5_xxl,100,152,0.6015789473684211,0.22481404318542692,0.0,0.01635796796828515,0.0,0.0,0.05921052631578949
astronomy,google_flan_ul2,100,152,0.5946052631578947,0.22454835035612308,0.0,0.017996961599262052,0.0,0.0,0.046052631578947456
astronomy,google_gemma_7b,100,152,0.7113157894736842,0.14725314314282595,0.0,0.05914717055532671,0.0,0.0,0.07236842105263164
astronomy,google_gemma_7b_it,100,152,0.5411184210526315,0.18993887991099567,0.0005973995796233509,0.05903245156338569,0.002393727680147872,0.0031353586898014542,0.20394736842105265
astronomy,ibm_mistralai_merlinite_7b,100,152,0.6419736842105264,0.16162090581661862,0.0,0.06930537511750479,0.0,0.0,0.10526315789473684
astronomy,meta_llama_llama_3_70b_instruct,100,152,0.9261184210526315,0.05726511366717014,2.7338565156620234e-05,0.011508413694279847,0.0003973578644458295,0.000477175685302482,0.052631578947368474
astronomy,meta_llama_llama_3_8b,100,152,0.6407236842105263,0.18344460639859733,0.0,0.048003197714334,0.0,0.0,0.07894736842105265
astronomy,meta_llama_llama_3_8b_instruct,100,152,0.6826315789473684,0.18684187641489838,2.6062296016983758e-05,0.031009291239336552,0.00011961918197204263,0.00013946906139582414,0.06578947368421051
astronomy,mistralai_mistral_7b_instruct_v0_2,100,152,0.6244078947368421,0.17336233544929958,3.107935401417476e-05,0.06227421038548609,0.00013187791063484528,0.0001792418359683911,0.09868421052631582
astronomy,mistralai_mistral_7b_v0_1,100,152,0.5976973684210526,0.18020191457974657,0.00011624611398051636,0.061327799606380996,0.00048105962059595987,0.0006446722478384305,0.09210526315789469
astronomy,mistralai_mixtral_8x7b_instruct_v01,100,152,0.7931578947368421,0.1334364030686791,0.0,0.0315147994409061,0.0,0.0,0.07236842105263164
astronomy,tiiuae_falcon_180b,100,152,0.7567105263157895,0.14375004841020877,4.1588770239868254e-05,0.04125692265985051,0.00022474517108244583,0.000289229408993217,0.08552631578947367
astronomy,tiiuae_falcon_40b,100,152,0.5216447368421052,0.19926188514633966,0.0,0.05161864814051988,0.0,0.0,0.0789473684210526
business_ethics,codellama_codellama_34b_instruct,100,100,0.5653,0.18880916233037445,0.0,0.05897366595245383,0.0,0.0,0.10999999999999999
business_ethics,google_flan_t5_xl,100,100,0.6444,0.20321140699928578,0.0,0.02801485562697684,0.0,0.0,0.07000000000000006
business_ethics,google_flan_t5_xxl,100,100,0.6728,0.20133208856239165,7.754310784613746e-05,0.020746699316396285,0.0003490474815718972,0.00038500198427996016,0.06999999999999995
business_ethics,google_flan_ul2,100,100,0.7028,0.19047223752678302,3.9914294459748655e-05,0.020267156412610957,0.0001893653356878127,0.00020951049094863078,0.06999999999999995
business_ethics,google_gemma_7b,100,100,0.629,0.1801196000408121,3.6771757983880066e-05,0.05500969288848077,0.0001563650692236529,0.00020411022722497912,0.14
business_ethics,google_gemma_7b_it,100,100,0.481,0.18138496071829405,0.0028415263748597084,0.0672615039281706,0.011298855119562221,0.015424092483633455,0.26999999999999996
business_ethics,ibm_mistralai_merlinite_7b,100,100,0.5669,0.18822324252627282,0.0,0.059230292827262526,0.0,0.0,0.12
business_ethics,meta_llama_llama_3_70b_instruct,100,100,0.8415,0.11994735231098869,0.0,0.014633455769819408,0.0,0.0,0.04999999999999993
business_ethics,meta_llama_llama_3_8b,100,100,0.5999,0.17320799918375682,0.00036557494133251727,0.06818897051321293,0.0015121239804927148,0.002106167042853299,0.15000000000000002
business_ethics,meta_llama_llama_3_8b_instruct,100,100,0.6701,0.18237626772778284,6.515661667176764e-05,0.04045302520151005,0.00029232049880331917,0.00035713718474785687,0.12
business_ethics,mistralai_mistral_7b_instruct_v0_2,100,100,0.5678,0.2040384858687889,7.080910111213035e-05,0.04333929190898888,0.0002861568215250582,0.00034691757238479616,0.13
business_ethics,mistralai_mistral_7b_v0_1,100,100,0.4986,0.19716114682175287,0.0006278134884195502,0.05419238853178248,0.0024915077695425816,0.003174158393041825,0.12000000000000005
business_ethics,mistralai_mixtral_8x7b_instruct_v01,100,100,0.6822,0.17027442097745132,5.7341087644106194e-06,0.048230629527599225,2.6241765478737337e-05,3.367455685900299e-05,0.10999999999999999
business_ethics,tiiuae_falcon_180b,100,100,0.7216,0.16727213549637793,0.0,0.03535614733190491,0.0,0.0,0.07000000000000006
business_ethics,tiiuae_falcon_40b,100,100,0.514,0.20362150800938678,7.201305989184836e-05,0.04815222936435058,0.0002859411356667958,0.0003535363300404427,0.13999999999999996
clinical_knowledge,codellama_codellama_34b_instruct,100,265,0.46241509433962263,0.19744813775259742,1.2936685320904822e-05,0.05187347459731679,5.18848485737797e-05,6.551511662604728e-05,0.0641509433962264
clinical_knowledge,google_flan_t5_xl,100,265,0.5397735849056604,0.22528188690795897,0.0,0.024003133103476154,0.0,0.0,0.049056603773584895
clinical_knowledge,google_flan_t5_xxl,100,265,0.6085283018867924,0.22602755975997824,0.0,0.013049341326356762,0.0,0.0,0.037735849056603765
clinical_knowledge,google_flan_ul2,100,265,0.597622641509434,0.22228781525951333,0.0,0.019022361984626136,0.0,0.0,0.037735849056603765
clinical_knowledge,google_gemma_7b,100,265,0.6350566037735849,0.17007469780711634,9.375631674087909e-05,0.06223633706995628,0.0004034181750697695,0.0005509617938506893,0.07547169811320753
clinical_knowledge,google_gemma_7b_it,100,265,0.483811320754717,0.2136901172964638,0.00047408908986953555,0.03638621203458253,0.0018921903737278245,0.0022136709857777104,0.15849056603773587
clinical_knowledge,ibm_mistralai_merlinite_7b,100,265,0.6823396226415094,0.17111870275077823,0.0,0.04629238930182327,0.0,0.0,0.060377358490566024
clinical_knowledge,meta_llama_llama_3_70b_instruct,100,265,0.859622641509434,0.10234589751142067,0.0,0.018729288309048173,0.0,0.0,0.037735849056603765
clinical_knowledge,meta_llama_llama_3_8b,100,265,0.698377358490566,0.17125151746163753,4.2445611056245585e-05,0.04000062662069523,0.00020088356790317585,0.0002477939694712563,0.07169811320754715
clinical_knowledge,meta_llama_llama_3_8b_instruct,100,265,0.7195094339622642,0.17284850506205568,6.396151336117033e-05,0.029557155315302827,0.0003159067160983425,0.0003699068935163973,0.07547169811320764
clinical_knowledge,mistralai_mistral_7b_instruct_v0_2,100,265,0.6371698113207547,0.18754925469676756,0.00034266045243746776,0.04400534793330677,0.0014776390539613445,0.0018237104676130475,0.10188679245283017
clinical_knowledge,mistralai_mistral_7b_v0_1,100,265,0.6465660377358491,0.1737919446032653,0.0005023505495203605,0.05488701480210914,0.0021919350649458637,0.002882197315064168,0.11698113207547167
clinical_knowledge,mistralai_mixtral_8x7b_instruct_v01,100,265,0.7652075471698113,0.15053835380679292,4.159375342908822e-05,0.02965461360315563,0.00023077568009492163,0.000276223721039971,0.05660377358490576
clinical_knowledge,tiiuae_falcon_180b,100,265,0.7100754716981132,0.1644360529249037,0.0,0.04207595393615976,0.0,0.0,0.0641509433962264
clinical_knowledge,tiiuae_falcon_40b,100,265,0.5677358490566038,0.18576181771979372,8.076187836050603e-05,0.060273345230463585,0.0003281456834487421,0.00043457144501080823,0.08679245283018866
college_biology,codellama_codellama_34b_instruct,100,144,0.4570138888888889,0.20860414557384252,0.0001456287819924185,0.04085535326065629,0.0005834366600680238,0.0006976236618305494,0.10416666666666669
college_biology,google_flan_t5_xl,100,144,0.4557638888888889,0.22603604027846455,0.0,0.0236099387425145,0.0,0.0,0.055555555555555525
college_biology,google_flan_t5_xxl,100,144,0.5163194444444444,0.22172557941497334,4.585481858209158e-05,0.029504509940116,0.000182487896853344,0.00020676611819085873,0.07638888888888895
college_biology,google_flan_ul2,100,144,0.5361111111111111,0.2202636014378439,0.0,0.03001903259479017,0.0,0.0,0.05555555555555558
college_biology,google_gemma_7b,100,144,0.7300694444444444,0.1565665297104691,0.00013458202852142216,0.04145843143949205,0.0006791599655647365,0.000858845396997495,0.09722222222222221
college_biology,google_gemma_7b_it,100,144,0.509375,0.2020657232778445,0.0008380620501832629,0.04842330158618037,0.00333454726457455,0.00413034211672491,0.1736111111111111
college_biology,ibm_mistralai_merlinite_7b,100,144,0.7060416666666667,0.1668394021803113,0.00018600927691836777,0.041684781968872875,0.0008912323536522791,0.0011136585462985034,0.11805555555555558
college_biology,meta_llama_llama_3_70b_instruct,100,144,0.9134722222222222,0.06836634605574,4.8013154073760283e-05,0.011102379662985723,0.000603811911232495,0.0007017993682658506,0.05555555555555558
college_biology,meta_llama_llama_3_8b,100,144,0.7383333333333333,0.15562292505474323,0.00025341801856953376,0.03840679522497704,0.0013043747429097633,0.0016257631759448229,0.09722222222222221
college_biology,meta_llama_llama_3_8b_instruct,100,144,0.7734027777777778,0.1504808869581597,0.00017818040545313277,0.02564042228814956,0.0010106688669665788,0.001182672962013615,0.11111111111111116
college_biology,mistralai_mistral_7b_instruct_v0_2,100,144,0.6727083333333334,0.18604111236686996,6.586847495938392e-05,0.035359917159159586,0.0002974190524811062,0.0003539280185054689,0.08333333333333337
college_biology,mistralai_mistral_7b_v0_1,100,144,0.668125,0.1765272970576001,0.0005741761044791347,0.04586732221201918,0.002575141079790015,0.003242074129748553,0.11111111111111105
college_biology,mistralai_mixtral_8x7b_instruct_v01,100,144,0.8267361111111111,0.1134224529679075,1.2930391718270593e-05,0.030598040427585883,8.977354962674052e-05,0.0001139890511700145,0.07638888888888895
college_biology,tiiuae_falcon_180b,100,144,0.8108333333333333,0.1219235184007911,0.00011558867619473644,0.03219361446634174,0.0007494432766153639,0.0009471445585210625,0.09722222222222232
college_biology,tiiuae_falcon_40b,100,144,0.6373611111111112,0.1789272680181771,0.00016733967491543224,0.0532852416943326,0.0007201126748147705,0.0009343646750224648,0.125
college_chemistry,codellama_codellama_34b_instruct,100,100,0.3446,0.17331374349556172,0.00011172329354147525,0.054165044383226196,0.0004908960965287319,0.0006442150372144487,0.12999999999999995
college_chemistry,google_flan_t5_xl,100,100,0.338,0.18682848688909293,0.0004406081012141617,0.03836343230282624,0.0019527685413980235,0.0023528073398174283,0.12
college_chemistry,google_flan_t5_xxl,100,100,0.3812,0.21406476890113246,8.295071931435593e-05,0.023882705846342205,0.00034848788406644074,0.0003873528023617385,0.06999999999999995
college_chemistry,google_flan_ul2,100,100,0.4282,0.21600689725538214,9.982654831139702e-05,0.030902193653708807,0.0004041414752915247,0.000461931709270079,0.07999999999999996
college_chemistry,google_gemma_7b,100,100,0.4173,0.1719093561881441,0.00010531578410366282,0.07287347209468421,0.00043005668773772186,0.0006122488442186727,0.13
college_chemistry,google_gemma_7b_it,100,100,0.3335,0.17401071319253136,0.0007117232935414755,0.049307468625650434,0.0031769119983626314,0.0040734510567462644,0.15999999999999998
college_chemistry,ibm_mistralai_merlinite_7b,100,100,0.431,0.1991584328129783,0.00018469543924089365,0.04789409243954698,0.0007470373543438098,0.0009265202209890449,0.12
college_chemistry,meta_llama_llama_3_70b_instruct,100,100,0.5633,0.22906654423018058,3.917967554330319e-06,0.019215273951637586,1.578007506630671e-05,1.7103765875097017e-05,0.06999999999999995
college_chemistry,meta_llama_llama_3_8b,100,100,0.4161,0.1817300683603714,0.0005320885623915921,0.06252750739720438,0.0021736561626069842,0.002919358419625609,0.14999999999999997
college_chemistry,meta_llama_llama_3_8b_instruct,100,100,0.4498,0.20925599428629732,6.609529639832655e-05,0.0402551168248138,0.0002648290577081234,0.0003157588218715668,0.12
college_chemistry,mistralai_mistral_7b_instruct_v0_2,100,100,0.3695,0.19355980002040613,0.0008991939598000201,0.04045939189878584,0.0038276866088429577,0.004624080076705265,0.14
college_chemistry,mistralai_mistral_7b_v0_1,100,100,0.4161,0.18514349556167742,0.0005152127333945514,0.05916458524640343,0.0021044269356145615,0.002775052881310103,0.15999999999999998
college_chemistry,mistralai_mixtral_8x7b_instruct_v01,100,100,0.5066,0.21746552392612992,0.0,0.03470417304356698,0.0,0.0,0.09000000000000002
college_chemistry,tiiuae_falcon_180b,100,100,0.4826,0.20150586674829107,6.74829099071525e-05,0.050144638302214065,0.0002680893425771604,0.0003347809123655543,0.14000000000000007
college_chemistry,tiiuae_falcon_40b,100,100,0.395,0.16953802673196608,0.0006046933986327927,0.07054076114682176,0.0025124009151911877,0.003554036271247101,0.15999999999999998
college_computer_science,codellama_codellama_34b_instruct,100,100,0.453,0.18965321905927965,0.00021281501887562477,0.059829609223548616,0.0008522976855406453,0.0011208693535359933,0.10999999999999999
college_computer_science,google_flan_t5_xl,100,100,0.3722,0.1935420467299255,0.0,0.0420741148862361,0.0,0.0,0.09999999999999998
jurisprudence,meta_llama_llama_3_8b,100,108,0.6982407407407407,0.1640861015835055,0.0003351794161763007,0.047806421780980456,0.0015793386621288986,0.0020385403527962377,0.14814814814814814
jurisprudence,meta_llama_llama_3_8b_instruct,100,108,0.7804629629629629,0.13715248714210293,0.0003613497382967789,0.0351034837820923,0.002093357357824501,0.0026277336629844505,0.12037037037037035
jurisprudence,mistralai_mistral_7b_instruct_v0_2,100,108,0.6886111111111111,0.17827471670670003,0.00033482977927422374,0.03747381219603441,0.001549539868856648,0.0018746466012695298,0.12962962962962965
jurisprudence,mistralai_mistral_7b_v0_1,100,108,0.6987962962962962,0.166002199216114,0.0006912321554066097,0.04533476859281636,0.0032600953812883127,0.004146727016891357,0.15740740740740744
jurisprudence,mistralai_mixtral_8x7b_instruct_v01,100,108,0.8026851851851852,0.1378110282471653,3.477138991157656e-05,0.021814274625801107,0.0002177838766022743,0.0002522484544550749,0.08333333333333326
jurisprudence,tiiuae_falcon_180b,100,108,0.794537037037037,0.1379155871627315,0.00015632265891871232,0.026457033121103736,0.0009501225506147151,0.0011321829264231726,0.11111111111111116
jurisprudence,tiiuae_falcon_40b,100,108,0.6485185185185185,0.18398905986133404,0.0,0.04573229700955558,0.0,0.0,0.09259259259259256
logical_fallacies,codellama_codellama_34b_instruct,100,163,0.6617791411042945,0.16554006320877485,0.00036348488291228567,0.05894679583841138,0.001616563606526152,0.0021909409840433587,0.12269938650306755
logical_fallacies,google_flan_t5_xl,100,163,0.6273006134969326,0.21445286769076813,0.0001366998776678392,0.02052327409518957,0.0005814224212534289,0.0006370294661423532,0.06134969325153372
logical_fallacies,google_flan_t5_xxl,100,163,0.6547239263803681,0.21268676310939427,0.0,0.014695649978540233,0.0,0.0,0.04907975460122693
logical_fallacies,google_flan_ul2,100,163,0.7185889570552147,0.18245482163909796,0.0,0.020922441104217974,0.0,0.0,0.05521472392638038
logical_fallacies,google_gemma_7b,100,163,0.7374846625766871,0.14463957915900658,6.431045285851005e-05,0.04978820240578932,0.00033065844575661446,0.000444427948903157,0.10429447852760731
logical_fallacies,google_gemma_7b_it,100,163,0.5287116564417178,0.1979565097311064,0.0009182333063269216,0.05152769840340847,0.0036670301656937182,0.004617143898227874,0.2822085889570552
logical_fallacies,ibm_mistralai_merlinite_7b,100,163,0.777361963190184,0.1344647566324458,3.924727851107889e-06,0.039429055379975625,2.256917154114388e-05,2.918692896669321e-05,0.09202453987730053
logical_fallacies,meta_llama_llama_3_70b_instruct,100,163,0.84,0.11746671440604636,5.53134159132803e-06,0.01764954704968338,4.093596951917955e-05,4.708636968778868e-05,0.049079754601227044
logical_fallacies,meta_llama_llama_3_8b,100,163,0.7370552147239264,0.15726168754116948,0.0,0.037526618146931714,0.0,0.0,0.06748466257668717
logical_fallacies,meta_llama_llama_3_8b_instruct,100,163,0.7506134969325153,0.1551446602662235,9.95258959358029e-05,0.03290351060403321,0.0005289774876143277,0.0006410925806383742,0.09202453987730064
logical_fallacies,mistralai_mistral_7b_instruct_v0_2,100,163,0.7195092024539878,0.16496321237061973,1.4956808867283966e-05,0.03785205688636727,7.374053245115368e-05,9.065932142216826e-05,0.07361963190184051
logical_fallacies,mistralai_mistral_7b_v0_1,100,163,0.72079754601227,0.1437125706814414,0.0003007427910858958,0.058123375694382286,0.0014878189225587077,0.00208829853181086,0.13496932515337423
logical_fallacies,mistralai_mixtral_8x7b_instruct_v01,100,163,0.7583435582822086,0.1491120781395719,6.654441101157771e-05,0.03499759390466048,0.00036130838330989627,0.0004460720301195557,0.07361963190184051
logical_fallacies,tiiuae_falcon_180b,100,163,0.7848466257668711,0.15418523644381404,2.9982472609148077e-05,0.015594359102652671,0.0001765652618592571,0.00019441967413992423,0.06134969325153372
logical_fallacies,tiiuae_falcon_40b,100,163,0.640920245398773,0.18455728993334083,0.0,0.04684011974627744,0.0,0.0,0.06748466257668706
machine_learning,codellama_codellama_34b_instruct,100,112,0.41446428571428573,0.19498994123994123,0.0,0.04944538694538695,0.0,0.0,0.0982142857142857
machine_learning,google_flan_t5_xl,100,112,0.30741071428571426,0.17524093899093898,0.0006803719303719306,0.03856295418795418,0.0031721298064700805,0.0038674787426763715,0.1339285714285714
machine_learning,google_flan_t5_xxl,100,112,0.34419642857142857,0.2141239941239941,3.323128323128315e-05,0.013481379106379105,0.0001459826346339121,0.00015517236538759325,0.05357142857142855
machine_learning,google_flan_ul2,100,112,0.3796428571428571,0.2247847035347035,5.0147550147550264e-05,0.012687947687947686,0.00021112731243756798,0.0002230417121971226,0.0625
machine_learning,google_gemma_7b,100,112,0.488125,0.16615583115583113,0.0,0.08523332585832585,0.0,0.0,0.1428571428571429
machine_learning,google_gemma_7b_it,100,112,0.3919642857142857,0.17292644917644917,0.0014417664417664415,0.06552432302432303,0.0060100512084488075,0.008268516350039574,0.1785714285714286
machine_learning,ibm_mistralai_merlinite_7b,100,112,0.5109821428571428,0.20304938054938051,0.0004438366938366945,0.04820785883285883,0.001763348416128924,0.002181088391296189,0.14285714285714285
machine_learning,meta_llama_llama_3_70b_instruct,100,112,0.7121428571428572,0.18542849667849665,3.3231283231282965e-05,0.02119151619151619,0.00016080697579874545,0.00017918135238198903,0.0803571428571429
machine_learning,meta_llama_llama_3_8b,100,112,0.45098214285714283,0.1848767111267111,0.0,0.06439372001872001,0.0,0.0,0.11607142857142855
machine_learning,meta_llama_llama_3_8b_instruct,100,112,0.5216071428571428,0.20716575341575344,0.00015764140764140764,0.04406494156494156,0.0006270832207501003,0.0007603647807122393,0.13392857142857145
machine_learning,mistralai_mistral_7b_instruct_v0_2,100,112,0.5051785714285715,0.18685752310752313,0.0,0.06487510237510238,0.0,0.0,0.12500000000000006
machine_learning,mistralai_mistral_7b_v0_1,100,112,0.5020535714285714,0.17556398931398928,0.0,0.07623861686361685,0.0,0.0,0.10714285714285715
machine_learning,mistralai_mixtral_8x7b_instruct_v01,100,112,0.5569642857142857,0.1711377123877124,0.0,0.07719079469079469,0.0,0.0,0.12500000000000006
machine_learning,tiiuae_falcon_180b,100,112,0.48964285714285716,0.19261217386217386,5.620880620880618e-05,0.05894992394992394,0.00022338917610661911,0.00029173861030199106,0.12500000000000006
machine_learning,tiiuae_falcon_40b,100,112,0.29910714285714285,0.17104294229294234,3.250003249997522e-08,0.040129837629837635,1.5390254136930899e-07,1.9001091707690576e-07,0.12500000000000003
management,codellama_codellama_34b_instruct,100,103,0.6123300970873786,0.1901558512980558,0.0009056681415333635,0.04818033754641407,0.0037855756218542866,0.004740191244107228,0.19417475728155342
management,google_flan_t5_xl,100,103,0.7136893203883495,0.1952016452359114,2.163266012495014e-05,0.011010043323007344,0.00010489410730079718,0.00011080983967736848,0.06796116504854366
management,google_flan_t5_xxl,100,103,0.7417475728155339,0.1770966085757633,7.40125411741629e-05,0.01610917859347328,0.00038292952126945073,0.0004177472580248652,0.06796116504854366
management,google_flan_ul2,100,103,0.7685436893203883,0.1560112451374587,0.0,0.02346524448751747,0.0,0.0,0.06796116504854366
management,google_gemma_7b,100,103,0.8004854368932038,0.11725147919322676,4.63035071830043e-05,0.043553774947264375,0.0002878648355052086,0.00039475176867808385,0.09708737864077666
management,google_gemma_7b_it,100,103,0.6006796116504854,0.19213897974606142,0.0012974404236540179,0.04831028733941355,0.005366941444714498,0.0067073223466174664,0.28155339805825247
management,ibm_mistralai_merlinite_7b,100,103,0.7874757281553398,0.13269417956453933,0.0003337390658921208,0.03562487621311151,0.001978852862780758,0.0025087896535410025,0.10679611650485432
management,meta_llama_llama_3_70b_instruct,100,103,0.8811650485436893,0.08477874115224196,0.000144736918009335,0.020616271221639584,0.0013713972127130665,0.0017043215998478558,0.07766990291262144
management,meta_llama_llama_3_8b,100,103,0.7763106796116505,0.12735381609739124,0.000972008299249874,0.04657727090051476,0.005557410505505674,0.007574533838532005,0.1941747572815533
management,meta_llama_llama_3_8b_instruct,100,103,0.7786407766990291,0.1381847602235952,6.518641584318302e-05,0.03545506463838845,0.00037527078443881347,0.00047151132732941957,0.08737864077669899
management,mistralai_mistral_7b_instruct_v0_2,100,103,0.7260194174757282,0.1486741390681996,0.0008095422144536926,0.05088801589087139,0.004040202413181228,0.005415589230258241,0.16504854368932043
management,mistralai_mistral_7b_v0_1,100,103,0.721747572815534,0.14579955273273376,0.0010371370279993917,0.055422606033685415,0.005127759512490164,0.007063200823236899,0.22330097087378642
management,mistralai_mixtral_8x7b_instruct_v01,100,103,0.8284466019417476,0.11275330883554757,0.00016096622036085154,0.030307799102773408,0.0011238925375603081,0.001425561296666437,0.09708737864077666
management,tiiuae_falcon_180b,100,103,0.8259223300970874,0.12002422857933988,4.0380965566558396e-07,0.02491770936088469,2.786002011492391e-06,3.3643898558826766e-06,0.06796116504854366
management,tiiuae_falcon_40b,100,103,0.709126213592233,0.15428470888208184,0.00017156141656427164,0.05331475808917271,0.0008257234798108643,0.0011107442658854327,0.13592233009708732
marketing,codellama_codellama_34b_instruct,100,234,0.7725213675213676,0.13507289245486673,2.4525360719924447e-05,0.04121392754439965,0.00013910256693832964,0.0001815383381598199,0.07692307692307698
marketing,google_flan_t5_xl,100,234,0.7777350427350427,0.15819396785062023,2.213544416691769e-05,0.015324061568696761,0.00012755228269104523,0.00013990639199143394,0.047008547008547064
marketing,google_flan_t5_xxl,100,234,0.8470940170940171,0.12267910386651446,0.0,0.007378854388868695,0.0,0.0,0.02136752136752129
marketing,google_flan_ul2,100,234,0.8364102564102565,0.12543242853686346,0.0,0.011943676521645049,0.0,0.0,0.02991452991452992
marketing,google_gemma_7b,100,234,0.8678632478632479,0.08635376545247792,6.53317963761454e-05,0.02862844356406588,0.0005678678215502419,0.000755987952385278,0.0641025641025641
marketing,google_gemma_7b_it,100,234,0.7613675213675214,0.14176995367267184,0.0008926875593542253,0.039640852974186305,0.004896711186152377,0.006257332344649088,0.20940170940170932
marketing,ibm_mistralai_merlinite_7b,100,234,0.8616239316239316,0.09069068588381896,0.0,0.028949826203045086,0.0,0.0,0.05555555555555547
marketing,meta_llama_llama_3_70b_instruct,100,234,0.921965811965812,0.06368674455941982,0.0,0.008534010365197775,0.0,0.0,0.02564102564102566
marketing,meta_llama_llama_3_8b,100,234,0.8485042735042735,0.10058780090253623,0.0,0.028420122504528793,0.0,0.0,0.047008547008547064
marketing,meta_llama_llama_3_8b_instruct,100,234,0.8872649572649572,0.08208525962460154,1.5895724050230677e-05,0.018276429234941396,0.00015835930019807281,0.0001936114538550365,0.05128205128205132
marketing,mistralai_mistral_7b_instruct_v0_2,100,234,0.8602564102564103,0.09059783484676188,1.0723129464188118e-05,0.02999532020991249,8.891197883071528e-05,0.0001183456585524919,0.05555555555555547
marketing,mistralai_mistral_7b_v0_1,100,234,0.8338461538461538,0.0977472313094631,8.960519690133399e-05,0.04113028602298988,0.0006447942165774247,0.0009158635959729242,0.08974358974358976
marketing,mistralai_mixtral_8x7b_instruct_v01,100,234,0.9147008547008547,0.057344617444760514,9.096504089351042e-06,0.020915534420541573,0.00011622066493369301,0.00015860357530575326,0.05128205128205121
marketing,tiiuae_falcon_180b,100,234,0.9025213675213675,0.07117082197196646,2.464022492634787e-05,0.01708621188592576,0.00027910917166378663,0.0003460926323956535,0.05128205128205132
marketing,tiiuae_falcon_40b,100,234,0.7867094017094017,0.13651516818898796,0.0,0.03190216793221085,0.0,0.0,0.047008547008547064
medical_genetics,codellama_codellama_34b_instruct,100,100,0.4942,0.20709558208346088,0.00012588511376390228,0.04482158963371085,0.000499458764493334,0.000607490698075649,0.11000000000000004
medical_genetics,google_flan_t5_xl,100,100,0.4849,0.23111233547597185,0.0,0.02098766452402816,0.0,0.0,0.06
medical_genetics,google_flan_t5_xxl,100,100,0.5561,0.22775714722987453,0.00014300581573308747,0.021233761861034588,0.0005740118353082355,0.0006274932852040209,0.06999999999999995
medical_genetics,google_flan_ul2,100,100,0.6066,0.22511890623405773,0.0,0.0158305887154372,0.0,0.0,0.040000000000000036
medical_genetics,google_gemma_7b,100,100,0.7209,0.16363593510866234,0.0,0.03925396388123661,0.0,0.0,0.09999999999999998
medical_genetics,google_gemma_7b_it,100,100,0.5336,0.21379791857973676,0.00013529231711049874,0.03708086929905111,0.0005389829805758818,0.00063240446185671,0.13999999999999996
medical_genetics,ibm_mistralai_merlinite_7b,100,100,0.6788,0.1803033772064074,0.00011953882256912462,0.039415814712784415,0.000543756881081814,0.0006625478913661183,0.12
medical_genetics,meta_llama_llama_3_70b_instruct,100,100,0.9321,0.047279808182838466,0.00016465666768696974,0.01632120191817162,0.002582215101494096,0.0034705137513031978,0.07999999999999996
medical_genetics,meta_llama_llama_3_8b,100,100,0.8104,0.11960967248239976,6.421793694520874e-05,0.03517820630547903,0.0004147049882012615,0.000536607748943274,0.10999999999999999
medical_genetics,meta_llama_llama_3_8b_instruct,100,100,0.7858,0.13991366187123763,0.0,0.029882297724721965,0.0,0.0,0.06999999999999995
medical_genetics,mistralai_mistral_7b_instruct_v0_2,100,100,0.6571,0.18933033363942453,0.00015457606366697297,0.03773330272421181,0.0006802978599984733,0.0008157697829826235,0.13
medical_genetics,mistralai_mistral_7b_v0_1,100,100,0.6713,0.17491680440771343,0.00025619834710743716,0.04723976124885216,0.0011519048749522585,0.0014625447019711284,0.15999999999999992
medical_genetics,mistralai_mixtral_8x7b_instruct_v01,100,100,0.7752,0.14096020814202634,0.0,0.034783226201408016,0.0,0.0,0.08999999999999997
medical_genetics,tiiuae_falcon_180b,100,100,0.7702,0.14433516988062442,0.0,0.03415573921028466,0.0,0.0,0.07000000000000006
medical_genetics,tiiuae_falcon_40b,100,100,0.5888,0.1962358330782573,0.00046815631058055293,0.0473823487399245,0.0019179947315756255,0.0023800041475270602,0.14
miscellaneous,codellama_codellama_34b_instruct,100,783,0.6841634738186463,0.17776957431365517,0.00015198778111439424,0.03839129949780507,0.0007026294229358553,0.0008542403704472776,0.06641123882503197
miscellaneous,google_flan_t5_xl,100,783,0.6513154533844189,0.20681201882718775,2.065383100355788e-07,0.020555800531106998,9.083876645412831e-07,9.986755360838322e-07,0.024265644955300147
miscellaneous,google_flan_t5_xxl,100,783,0.7211494252873564,0.1865679251877329,2.9726999575405514e-07,0.01476317396857127,1.4765208061469679e-06,1.5933581391193698e-06,0.020434227330779042
miscellaneous,google_flan_ul2,100,783,0.736602809706258,0.1794728772802481,4.805216062332609e-05,0.014728061466065014,0.0002473740553244243,0.0002676688493814476,0.033205619412515985
miscellaneous,google_gemma_7b,100,783,0.8345338441890165,0.11134943916435526,7.73627842446377e-06,0.026872560946700343,5.5966817462964784e-05,6.947265314249117e-05,0.03065134099616862
miscellaneous,google_gemma_7b_it,100,783,0.6417752234993614,0.19387981390568335,0.0006972657462118615,0.035577744896614874,0.003029550858122019,0.003583493736565955,0.1877394636015326
miscellaneous,ibm_mistralai_merlinite_7b,100,783,0.8080587484035759,0.12767132608515838,1.2434200144266694e-05,0.027579577874626428,8.00845859146661e-05,9.738278475260384e-05,0.034482758620689724
miscellaneous,meta_llama_llama_3_70b_instruct,100,783,0.9150574712643678,0.06966540760780895,1.5096762703351608e-05,0.008136018476534492,0.00019400459119749198,0.0002166569091273731,0.02937420178799488
miscellaneous,meta_llama_llama_3_8b,100,783,0.7937037037037037,0.13214075869571654,0.00010700367120196432,0.03166060859449459,0.0006528261526505858,0.000809115173571595,0.05874840357598987
miscellaneous,meta_llama_llama_3_8b_instruct,100,783,0.7900510855683269,0.1404717869493325,0.00012423543295362292,0.02545531485924035,0.0007481748416931982,0.0008836340520062644,0.0600255427841635
miscellaneous,mistralai_mistral_7b_instruct_v0_2,100,783,0.7756066411238826,0.14344700858786952,7.161468450431817e-05,0.030706666208719105,0.000411046437159686,0.0004989922762038048,0.048531289910600295
miscellaneous,mistralai_mistral_7b_v0_1,100,783,0.7859131545338441,0.1356904537762148,5.3673565937042115e-05,0.03268379047420899,0.0003186738079583879,0.00039540248987534037,0.048531289910600295
miscellaneous,mistralai_mixtral_8x7b_instruct_v01,100,783,0.8698978288633461,0.09362079440902775,4.1970168279562586e-05,0.019633068855418465,0.0003704475884762714,0.0004480987558820269,0.03575989782886335
miscellaneous,tiiuae_falcon_180b,100,783,0.8525542784163473,0.10296252019233668,3.6153112458097174e-05,0.022838958153457767,0.0002872996896011286,0.00035100561296661073,0.03575989782886335
miscellaneous,tiiuae_falcon_40b,100,783,0.716602809706258,0.15816696523989934,5.5882140134131714e-05,0.04506351102523604,0.00027489370448914076,0.0003531862879443011,0.048531289910600295
moral_disputes,codellama_codellama_34b_instruct,100,346,0.5400867052023122,0.1941134931454107,7.706452139726849e-05,0.05476587352963326,0.00030955023345615064,0.0003968499927246501,0.0809248554913295
moral_disputes,google_flan_t5_xl,100,346,0.581936416184971,0.22327816660362526,6.36845120383695e-06,0.02064786171169685,2.6107443243516197e-05,2.8521685132708058e-05,0.05491329479768792
moral_disputes,google_flan_t5_xxl,100,346,0.6532369942196532,0.20780155411871928,2.558888711188263e-06,0.019315476961116566,1.1266701879580857e-05,1.2313946409216474e-05,0.03179190751445082
moral_disputes,google_flan_ul2,100,346,0.6671387283236995,0.20304171648630057,0.0,0.019615986454136744,0.0,0.0,0.031791907514450934
moral_disputes,google_gemma_7b,100,346,0.6778901734104046,0.15876824371722587,7.25915433128303e-05,0.05997557801352724,0.00033174633578291005,0.00045700806844639174,0.06936416184971095
moral_disputes,google_gemma_7b_it,100,346,0.57878612716763,0.19615050395045372,0.0003981932079444017,0.0478163218851834,0.0016295016754152751,0.0020259264686119938,0.17341040462427743
moral_disputes,ibm_mistralai_merlinite_7b,100,346,0.7008381502890173,0.16301884049509077,5.830272228864843e-05,0.047059990031842254,0.00027745083121269036,0.00035751621066191825,0.06936416184971095
moral_disputes,meta_llama_llama_3_70b_instruct,100,346,0.8331791907514451,0.1274949359558558,0.0,0.011869560986424521,0.0,0.0,0.023121387283236983
moral_disputes,meta_llama_llama_3_8b,100,346,0.6822543352601156,0.16958010870199863,0.00030528963929315795,0.04739249748045928,0.0014050653341360104,0.001797032836688209,0.11560693641618502
moral_disputes,meta_llama_llama_3_8b_instruct,100,346,0.7247976878612716,0.16933212666160644,3.5201643645985936e-07,0.03062380866552769,1.7604669557352536e-06,2.078847715500339e-06,0.049132947976878616
moral_disputes,mistralai_mistral_7b_instruct_v0_2,100,346,0.6611560693641618,0.18089340756141462,9.161735474879475e-05,0.04356868509168082,0.0004079975109099481,0.0005062151125002419,0.0664739884393063
moral_disputes,mistralai_mistral_7b_v0_1,100,346,0.6653468208092486,0.17645816631591948,0.00018179618079090307,0.04653362391613208,0.0008145954174639803,0.0010291905536058338,0.08092485549132944
moral_disputes,mistralai_mixtral_8x7b_instruct_v01,100,346,0.7673410404624278,0.14773520240522,6.0039111056954634e-05,0.031162007949140393,0.00033549415425362196,0.00040623169217760246,0.06069364161849711
moral_disputes,tiiuae_falcon_180b,100,346,0.7720809248554913,0.15076963485910455,8.08774686633446e-05,0.02555875585883126,0.00045846496329090506,0.0005361431487061449,0.06358381502890176
moral_disputes,tiiuae_falcon_40b,100,346,0.5861271676300578,0.1968202524533261,6.506549959678892e-05,0.04626762557297868,0.0002675908366696696,0.0003304741068216508,0.0780346820809249
